delete from TSYS_SYSTEM_ACCESS_LOG;
delete from TSYS_ACCOUNT_SHORTCUTS;
delete from TSYS_MODULE_URL;
delete from TSYS_ROLE_POPEDOM;
delete from TSYS_ACCOUNT_ROLE;
delete from TSYS_MODULE_HELP ;
delete from TSYS_MODULE;
delete from TSYS_MENU;
delete from TSYS_ROLE;
delete from TSYS_ACCOUNT;
commit ;


# 用户（开始）注：password 为 admin，加密后为：21232F297A57A5A743894A0E4A801FC3
INSERT INTO TSYS_ACCOUNT(accountId, loginName, realName, password, uiStyle, state)
                  VALUES('ACCOUNT0-0000-0000-0000-000000000000', 'admin', '系统管理员', '21232F297A57A5A743894A0E4A801FC3', '0', '1');
# 用户（结束）
commit ;


# 角色（开始）
INSERT INTO TSYS_ROLE(RoleId, RoleName)
               VALUES('ROLE0000-0000-0000-0000-000000000000', '系统管理角色');
# 角色（结束）
commit ;


# 用户授权（开始）
INSERT INTO TSYS_ACCOUNT_ROLE(guid, accountId, RoleId)
                       VALUES('ACCOUNT0-ROLE-0000-0000-000000000000', 'ACCOUNT0-0000-0000-0000-000000000000', 'ROLE0000-0000-0000-0000-000000000000');
# 用户授权（结束）
commit ;

#  一级菜单(开始)
INSERT INTO TSYS_MENU(menuId, parentId, menuName, hint, entryURL, orderNum, icon) 
               VALUES('MENU0000-1000-0000-0000-000000000000', NULL, '系统管理', '系统管理', '', '0', 'default');
#  一级菜单(结束)
commit ;

#  二级级菜单 #  用户管理（开始）
INSERT INTO TSYS_MENU(menuId, parentId, menuName, hint, entryURL, orderNum, icon) VALUES('MENU0000-2000-0000-0000-000000000000', 'MENU0000-1000-0000-0000-000000000000', '用户管理', '用户管理', '/frame/admin/user', '7', 'account');
INSERT INTO TSYS_MODULE(moduleId, menuId, moduleName, intro) VALUES('MODULE00-0000-0000-0000-000000000000', 'MENU0000-2000-0000-0000-000000000000', '添加用户', '用户管理添加用户');
INSERT INTO TSYS_MODULE(moduleId, menuId, moduleName, intro) VALUES('MODULE00-0000-0000-0000-000000000001', 'MENU0000-2000-0000-0000-000000000000', '修改用户', '用户管理修改用户');
INSERT INTO TSYS_MODULE(moduleId, menuId, moduleName, intro) VALUES('MODULE00-0000-0000-0000-000000000002', 'MENU0000-2000-0000-0000-000000000000', '查询用户（详情）', '用户管理查询用户（详情）');
INSERT INTO TSYS_MODULE(moduleId, menuId, moduleName, intro) VALUES('MODULE00-0000-0000-0000-000000000003', 'MENU0000-2000-0000-0000-000000000000', '账户停用', '用户管理账户停用');
INSERT INTO TSYS_MODULE(moduleId, menuId, moduleName, intro) VALUES('MODULE00-0000-0000-0000-000000000004', 'MENU0000-2000-0000-0000-000000000000', '查询用户角色', '用户管理查询用户角色');
INSERT INTO TSYS_MODULE(moduleId, menuId, moduleName, intro) VALUES('MODULE00-0000-0000-0000-000000000005', 'MENU0000-2000-0000-0000-000000000000', '添加用户角色', '用户管理添加用户角色');
INSERT INTO TSYS_MODULE(moduleId, menuId, moduleName, intro) VALUES('MODULE00-0000-0000-0000-000000000006', 'MENU0000-2000-0000-0000-000000000000', '删除用户角色', '用户管理删除用户角色');
INSERT INTO TSYS_MODULE(moduleId, menuId, moduleName, intro) VALUES('MODULE00-0000-0000-0000-000000000007', 'MENU0000-2000-0000-0000-000000000000', '帐户启用', '用户管理帐户启用');
INSERT INTO TSYS_MODULE(moduleId, menuId, moduleName, intro) VALUES('MODULE00-0000-0000-0000-000000000008', 'MENU0000-2000-0000-0000-000000000000', '查询用户', '用户管理查询用户');
INSERT INTO TSYS_MODULE(moduleId, menuId, moduleName, intro) VALUES('MODULE00-0000-0000-0000-000000000009', 'MENU0000-2000-0000-0000-000000000000', '检查用户名', '用户管理检查用户名是否存在');
INSERT INTO TSYS_MODULE_URL(guid, moduleId, url, method) VALUES('MODULE00-URL0-0000-0000-000000000000', 'MODULE00-0000-0000-0000-000000000000', 'sys/account', 'POST');
INSERT INTO TSYS_MODULE_URL(guid, moduleId, url, method) VALUES('MODULE00-URL0-0000-0000-000000000001', 'MODULE00-0000-0000-0000-000000000001', 'sys/account', 'PUT');
INSERT INTO TSYS_MODULE_URL(guid, moduleId, url, method) VALUES('MODULE00-URL0-0000-0000-000000000002', 'MODULE00-0000-0000-0000-000000000001', 'sys/account', 'GET');
INSERT INTO TSYS_MODULE_URL(guid, moduleId, url, method) VALUES('MODULE00-URL0-0000-0000-000000000003', 'MODULE00-0000-0000-0000-000000000002', 'sys/account/*', 'GET');
INSERT INTO TSYS_MODULE_URL(guid, moduleId, url, method) VALUES('MODULE00-URL0-0000-0000-000000000004', 'MODULE00-0000-0000-0000-000000000003', 'sys/account/close', 'PUT');
INSERT INTO TSYS_MODULE_URL(guid, moduleId, url, method) VALUES('MODULE00-URL0-0000-0000-000000000005', 'MODULE00-0000-0000-0000-000000000004', 'sys/account/*/roles', 'GET');
INSERT INTO TSYS_MODULE_URL(guid, moduleId, url, method) VALUES('MODULE00-URL0-0000-0000-000000000006', 'MODULE00-0000-0000-0000-000000000005', 'sys/account/*/role', 'POST');
INSERT INTO TSYS_MODULE_URL(guid, moduleId, url, method) VALUES('MODULE00-URL0-0000-0000-000000000007', 'MODULE00-0000-0000-0000-000000000006', 'sys/account/*/role/[*]', 'DELETE');
INSERT INTO TSYS_MODULE_URL(guid, moduleId, url, method) VALUES('MODULE00-URL0-0000-0000-000000000008', 'MODULE00-0000-0000-0000-000000000007', 'sys/account/start', 'PUT');
INSERT INTO TSYS_MODULE_URL(guid, moduleId, url, method) VALUES('MODULE00-URL0-0000-0000-000000000009', 'MODULE00-0000-0000-0000-000000000008', 'sys/accounts', 'GET');
INSERT INTO TSYS_MODULE_URL(guid, moduleId, url, method) VALUES('MODULE00-URL0-0000-0000-000000000010', 'MODULE00-0000-0000-0000-000000000009', 'sys/exists/loginName', 'GET');
#  二级菜单 #  用户管理（结束）
commit ;



#  二级菜单 #  角色管理（开始）
INSERT INTO TSYS_MENU(menuId, parentId, menuName, hint, entryURL, orderNum, icon) VALUES('MENU0000-2000-0000-0000-000000000001', 'MENU0000-1000-0000-0000-000000000000', '角色管理', '角色管理', '/frame/admin/role', '8', 'role');
INSERT INTO TSYS_MODULE(moduleId, menuId, moduleName, intro) VALUES('MODULE00-0000-0000-0000-000000000010', 'MENU0000-2000-0000-0000-000000000001', '查询角色', '角色管理查询角色');
INSERT INTO TSYS_MODULE(moduleId, menuId, moduleName, intro) VALUES('MODULE00-0000-0000-0000-000000000011', 'MENU0000-2000-0000-0000-000000000001', '添加角色', '角色管理添加角色');
INSERT INTO TSYS_MODULE(moduleId, menuId, moduleName, intro) VALUES('MODULE00-0000-0000-0000-000000000012', 'MENU0000-2000-0000-0000-000000000001', '查询角色（详情）', '角色管理查询角色（详情）');
INSERT INTO TSYS_MODULE(moduleId, menuId, moduleName, intro) VALUES('MODULE00-0000-0000-0000-000000000013', 'MENU0000-2000-0000-0000-000000000001', '修改角色', '角色管理修改角色');
INSERT INTO TSYS_MODULE(moduleId, menuId, moduleName, intro) VALUES('MODULE00-0000-0000-0000-000000000014', 'MENU0000-2000-0000-0000-000000000001', '角色授权', '角色管理角色授权');
INSERT INTO TSYS_MODULE(moduleId, menuId, moduleName, intro) VALUES('MODULE00-0000-0000-0000-000000000015', 'MENU0000-2000-0000-0000-000000000001', '检查角色名', '角色管理检查角色名是否存在');
INSERT INTO TSYS_MODULE_URL(guid, moduleId, url, method) VALUES('MODULE00-URL0-0000-0000-000000000011', 'MODULE00-0000-0000-0000-000000000010', 'sys/roles', 'GET');
INSERT INTO TSYS_MODULE_URL(guid, moduleId, url, method) VALUES('MODULE00-URL0-0000-0000-000000000012', 'MODULE00-0000-0000-0000-000000000011', 'sys/role', 'POST');
INSERT INTO TSYS_MODULE_URL(guid, moduleId, url, method) VALUES('MODULE00-URL0-0000-0000-000000000013', 'MODULE00-0000-0000-0000-000000000012', 'sys/role/*', 'GET');
INSERT INTO TSYS_MODULE_URL(guid, moduleId, url, method) VALUES('MODULE00-URL0-0000-0000-000000000014', 'MODULE00-0000-0000-0000-000000000013', 'sys/role', 'PUT');
INSERT INTO TSYS_MODULE_URL(guid, moduleId, url, method) VALUES('MODULE00-URL0-0000-0000-000000000015', 'MODULE00-0000-0000-0000-000000000014', 'sys/role/*/popedom', 'POST');
INSERT INTO TSYS_MODULE_URL(guid, moduleId, url, method) VALUES('MODULE00-URL0-0000-0000-000000000016', 'MODULE00-0000-0000-0000-000000000014', 'sys/role/*/popedom/[*]', 'DELETE');
INSERT INTO TSYS_MODULE_URL(guid, moduleId, url, method) VALUES('MODULE00-URL0-0000-0000-000000000017', 'MODULE00-0000-0000-0000-000000000014', 'sys/role/*/popedom', 'GET');
INSERT INTO TSYS_MODULE_URL(guid, moduleId, url, method) VALUES('MODULE00-URL0-0000-0000-000000000018', 'MODULE00-0000-0000-0000-000000000015', 'sys/exists/roleName', 'GET');
#  二级菜单 #  角色管理（结束）
commit ;


#  二级菜单 #  菜单管理（开始）
INSERT INTO TSYS_MENU(menuId, parentId, menuName, hint, entryURL, orderNum, icon) VALUES('MENU0000-2000-0000-0000-000000000002', 'MENU0000-1000-0000-0000-000000000000', '菜单管理', '菜单管理', '/frame/admin/menu', '9', 'menu');
#  二级菜单 #  菜单管理（结束）
commit ;


#  二级菜单 #  模块管理（开始）
INSERT INTO TSYS_MENU(menuId, parentId, menuName, hint, entryURL, orderNum, icon) VALUES('MENU0000-2000-0000-0000-000000000003', 'MENU0000-1000-0000-0000-000000000000', '模块管理', '模块管理', '/frame/admin/module', '10', 'module');
INSERT INTO TSYS_MODULE(moduleId, menuId, moduleName, intro) VALUES('MODULE00-0000-0000-0000-000000000016', 'MENU0000-2000-0000-0000-000000000003', '加载所有模块', '加载所有模块信息用于选择框');
INSERT INTO TSYS_MODULE_URL(guid, moduleId, url, method) VALUES('MODULE00-URL0-0000-0000-000000000019', 'MODULE00-0000-0000-0000-000000000016', 'sys/modules/box', 'GET');
#  二级菜单 #  模块管理（结束）
commit ;


#  二级菜单 #  操作日志（开始）
INSERT INTO TSYS_MENU(menuId, parentId, menuName, hint, entryURL, orderNum, icon) VALUES('MENU0000-2000-0000-0000-000000000004', 'MENU0000-1000-0000-0000-000000000000', '访问日志', '访问日志查询', '/frame/admin/log', '12', 'info');
INSERT INTO TSYS_MODULE(moduleId, menuId, moduleName, intro) VALUES('MODULE00-0000-0000-0000-000000000017', 'MENU0000-2000-0000-0000-000000000004', '访问日志统计', '访问日志用户操作统计信息');
INSERT INTO TSYS_MODULE(moduleId, menuId, moduleName, intro) VALUES('MODULE00-0000-0000-0000-000000000018', 'MENU0000-2000-0000-0000-000000000004', '访问日志详情', '访问日志用户操作详情');
INSERT INTO TSYS_MODULE_URL(guid, moduleId, url, method) VALUES('MODULE00-URL0-0000-0000-000000000020', 'MODULE00-0000-0000-0000-000000000017', 'sys/logs', 'GET');
INSERT INTO TSYS_MODULE_URL(guid, moduleId, url, method) VALUES('MODULE00-URL0-0000-0000-000000000021', 'MODULE00-0000-0000-0000-000000000018', 'sys/logs/*', 'GET');
#  二级菜单 #  操作日志（结束）
commit ;


# 角色授权（开始）
# 授予角色管理模块（开始）
insert into TSYS_ROLE_POPEDOM(guid, roleid, moduleId, isShortcut) values('ROLE0000-POPE-OM00-0000-000000000000','ROLE0000-0000-0000-0000-000000000000', 'MODULE00-0000-0000-0000-000000000010', '0');
insert into TSYS_ROLE_POPEDOM(guid, roleid, moduleId, isShortcut) values('ROLE0000-POPE-OM00-0000-000000000001','ROLE0000-0000-0000-0000-000000000000', 'MODULE00-0000-0000-0000-000000000011', '0');
insert into TSYS_ROLE_POPEDOM(guid, roleid, moduleId, isShortcut) values('ROLE0000-POPE-OM00-0000-000000000002','ROLE0000-0000-0000-0000-000000000000', 'MODULE00-0000-0000-0000-000000000012', '0');
insert into TSYS_ROLE_POPEDOM(guid, roleid, moduleId, isShortcut) values('ROLE0000-POPE-OM00-0000-000000000003','ROLE0000-0000-0000-0000-000000000000', 'MODULE00-0000-0000-0000-000000000013', '0');
insert into TSYS_ROLE_POPEDOM(guid, roleid, moduleId, isShortcut) values('ROLE0000-POPE-OM00-0000-000000000004','ROLE0000-0000-0000-0000-000000000000', 'MODULE00-0000-0000-0000-000000000014', '0');
# 授予角色管理模块（结束）


# 授予其他模块（开始）
INSERT INTO TSYS_ROLE_POPEDOM(guid, roleid, moduleId, isShortcut) VALUES ('ROLE0000-POPE-OM00-0000-000000000005', 'ROLE0000-0000-0000-0000-000000000000', 'MODULE00-0000-0000-0000-000000000000', '0');
INSERT INTO TSYS_ROLE_POPEDOM(guid, roleid, moduleId, isShortcut) VALUES ('ROLE0000-POPE-OM00-0000-000000000006', 'ROLE0000-0000-0000-0000-000000000000', 'MODULE00-0000-0000-0000-000000000001', '0');
INSERT INTO TSYS_ROLE_POPEDOM(guid, roleid, moduleId, isShortcut) VALUES ('ROLE0000-POPE-OM00-0000-000000000007', 'ROLE0000-0000-0000-0000-000000000000', 'MODULE00-0000-0000-0000-000000000002', '0');
INSERT INTO TSYS_ROLE_POPEDOM(guid, roleid, moduleId, isShortcut) VALUES ('ROLE0000-POPE-OM00-0000-000000000008', 'ROLE0000-0000-0000-0000-000000000000', 'MODULE00-0000-0000-0000-000000000003', '0');
INSERT INTO TSYS_ROLE_POPEDOM(guid, roleid, moduleId, isShortcut) VALUES ('ROLE0000-POPE-OM00-0000-000000000009', 'ROLE0000-0000-0000-0000-000000000000', 'MODULE00-0000-0000-0000-000000000004', '0');
INSERT INTO TSYS_ROLE_POPEDOM(guid, roleid, moduleId, isShortcut) VALUES ('ROLE0000-POPE-OM00-0000-000000000010', 'ROLE0000-0000-0000-0000-000000000000', 'MODULE00-0000-0000-0000-000000000005', '0');
INSERT INTO TSYS_ROLE_POPEDOM(guid, roleid, moduleId, isShortcut) VALUES ('ROLE0000-POPE-OM00-0000-000000000011', 'ROLE0000-0000-0000-0000-000000000000', 'MODULE00-0000-0000-0000-000000000006', '0');
INSERT INTO TSYS_ROLE_POPEDOM(guid, roleid, moduleId, isShortcut) VALUES ('ROLE0000-POPE-OM00-0000-000000000012', 'ROLE0000-0000-0000-0000-000000000000', 'MODULE00-0000-0000-0000-000000000007', '0');
INSERT INTO TSYS_ROLE_POPEDOM(guid, roleid, moduleId, isShortcut) VALUES ('ROLE0000-POPE-OM00-0000-000000000013', 'ROLE0000-0000-0000-0000-000000000000', 'MODULE00-0000-0000-0000-000000000008', '0');
INSERT INTO TSYS_ROLE_POPEDOM(guid, roleid, moduleId, isShortcut) VALUES ('ROLE0000-POPE-OM00-0000-000000000014', 'ROLE0000-0000-0000-0000-000000000000', 'MODULE00-0000-0000-0000-000000000009', '0');
INSERT INTO TSYS_ROLE_POPEDOM(guid, roleid, moduleId, isShortcut) VALUES ('ROLE0000-POPE-OM00-0000-000000000015', 'ROLE0000-0000-0000-0000-000000000000', 'MODULE00-0000-0000-0000-000000000015', '0');
INSERT INTO TSYS_ROLE_POPEDOM(guid, roleid, moduleId, isShortcut) VALUES ('ROLE0000-POPE-OM00-0000-000000000016', 'ROLE0000-0000-0000-0000-000000000000', 'MODULE00-0000-0000-0000-000000000016', '0');
INSERT INTO TSYS_ROLE_POPEDOM(guid, roleid, moduleId, isShortcut) VALUES ('ROLE0000-POPE-OM00-0000-000000000017', 'ROLE0000-0000-0000-0000-000000000000', 'MODULE00-0000-0000-0000-000000000017', '0');
INSERT INTO TSYS_ROLE_POPEDOM(guid, roleid, moduleId, isShortcut) VALUES ('ROLE0000-POPE-OM00-0000-000000000018', 'ROLE0000-0000-0000-0000-000000000000', 'MODULE00-0000-0000-0000-000000000018', '0');
# 授予其他模块（结束）

# 角色授权（结束）
commit ;