{
      "coords": {
            "知识产权数据": [116.4551, 48.2539],
            "国家资源卫星数据": [86.9236, 44.5883],
            "成都工商数据": [94.9865, 34.1465],
            "社会信用数据": [116.4551, 25.2568],
            "行政审批数据": [139.1238, 18.1216],
            "舆情数据": [152.0823, 25.2568],
            "成都医保数据": [153.0823, 32.0581],
            "崇州市数据共享交换平台": [132.2992, 38.7682]
      },
      "data": [
      {
            "name": "知识产权数据"
      },{
            "name" : "国家资源卫星数据"
      },{
            "name" : "成都工商数据"
      },{
            "name": "社会信用数据"
      }, {
            "name": "行政审批数据"
      },{
            "name": "舆情数据"
      },{
            "name": "成都医保数据"
      },{
            "name": "崇州市数据共享交换平台"
      }]
}