{
      "coords": {
            "国网四川省电力公司崇州市供电分公司": [125.8154, 48.2584],
            "市统计局": [117.4219, 47.4189],
            "市商投局": [110.4551, 52.2539],
            "市财政局": [104.4124, 48.4901],
            "市审计局": [97.9236, 44.5883],
            "市教育局": [88.9236, 46.5883],
            "市司法局": [91.9236, 42.5883],
            "市公安局": [88.9236, 40.5883],
            "市综合执法局": [83.9236, 38.5883],
            "市粮食局": [88.9236, 36.5883],
            "市国土局": [85.9236, 33.5883],
            "市环保局": [85.9236, 30.5883],
            "市监察局": [83.1865, 26.8465],
            "市民政局": [89.9865, 26.1465],
            "市地税局": [89.1865, 23.1465],
            "市经信局": [90.1865, 20.1465],
            "市人社局": [94.479, 18.1152],
            "市市场监管局": [98.9199, 20.4663],
            "市卫计局": [105.3893, 18.8516],
            "市市场服务中心": [110.0046, 15.6633],
            "市文旅局": [114.0046, 19.1633],
            "市住建局": [118.0046, 20.5233],
            "市景区管理局": [129.5435, 18.5439],
            "市政务中心": [124.1238, 22.1216],
            "市国税局": [139.1238, 22.1216],
            "市城管局": [135.0823, 25.2568],
            "市法制办": [134.3896, 27.6628],
            "成都崇信大数据服务有限公司": [131.5313, 29.8773],
            "市农发局": [135.4648, 33.2891],
            "市交通局": [137.29, 36.0581],
            "市防震减灾局": [136.8062, 40.9208],
            "市气象局": [129.1582, 40.8701],
            "市安监局": [130.9688, 45.368],
            "崇州市数据共享交换平台": [108.6992, 32.7682],
            
            "成都市政府部门": [89.9526, 54.7617],
            "成都市政务中心": [74.1526, 55.7617],
            "成都市气象局": [74.1526, 54.5617],
            "成都市工商局": [74.1526, 53.3617]
            
            
            
            
      },
      "data": [{
            "name": "国网四川省电力公司崇州市供电分公司"
      }, {
            "name": "市统计局"
      }, {
            "name": "市商投局"
      }, {
            "name": "市财政局"
      }, {
            "name": "市审计局"
      }, {
            "name" : "市教育局"
      },{
            "name": "市司法局"
      },{
            "name": "市公安局"
      }, {
            "name" : "市综合执法局"
      }, {
            "name" : "市粮食局"
      }, {
            "name" : "市国土局"
      }, {
            "name" : "市环保局"
      }, {
            "name" : "市监察局"
      }, {
            "name" : "市民政局"
      }, {
            "name" : "市地税局"
      }, {
            "name" : "市经信局"
      }, {
            "name": "市人社局"
      }, {
            "name": "市市场监管局"
      }, {
            "name": "市卫计局"
      }, {
            "name": "市市场服务中心"
      }, {
            "name": "市文旅局"
      }, {
            "name": "市住建局"
      }, {
            "name": "市景区管理局"
      }, {
            "name": "市政务中心"
      }, {
            "name": "市国税局"
      },{
            "name": "市城管局"
      }, {
            "name": "市法制办"
      }, {
            "name": "成都崇信大数据服务有限公司"
      }, {
            "name": "市农发局"
      }, {
            "name": "市交通局"
      }, {
            "name": "市防震减灾局"
      }, {
            "name": "市气象局"
      }, {
            "name": "市安监局"
      }, {
            "name": "崇州市数据共享交换平台"
      }, {
            "name": "成都市政府部门"
      }, {
            "name": "成都市政务中心"
      }, {
            "name": "成都市气象局"
      }, {
            "name": "成都市工商局"
      }]
}